{
	"format_version": "1.8.0",
	"animations": {
		"animation.dinerfreddy.new": {
			"animation_length": 0.75,
			"bones": {
				"LeftArm": {
					"rotation": {
						"vector": [0, 0, -32.5]
					}
				},
				"RightArm": {
					"rotation": {
						"vector": [0, 0, 42.5]
					}
				}
			}
		},
		"animation.dinerfreddy.stage": {
			"loop": true,
			"animation_length": 4.7083,
			"bones": {
				"Pivot": {
					"position": {
						"1.125": {
							"vector": [0, -0.05, 0]
						},
						"2.125": {
							"vector": [0, -0.48, 0]
						},
						"3.5": {
							"vector": [0, -0.48, 0]
						},
						"4.5": {
							"vector": [0, -0.05, 0]
						}
					}
				},
				"Body": {
					"rotation": {
						"0.25": {
							"vector": [4.55933, 9.99038, -2.53852]
						},
						"0.5": {
							"vector": [0, -10, 0]
						},
						"0.5833": {
							"vector": [0, -7.5, 0]
						},
						"0.8333": {
							"vector": [-0.98448, -7.43547, 7.56397]
						},
						"0.9167": {
							"vector": [-0.6574, -7.4713, 5.04292]
						},
						"1.25": {
							"vector": [-0.6574, -7.4713, 5.04292]
						},
						"1.5": {
							"vector": [17.48496, -17.02821, 2.02661]
						},
						"1.5833": {
							"vector": [14.98496, -17.02821, 2.02661]
						},
						"2.25": {
							"vector": [14.98496, -17.02821, 2.02661]
						},
						"2.5": {
							"vector": [14.42916, 7.17752, 8.34985]
						},
						"2.5833": {
							"vector": [14.36418, 4.756, 7.72493]
						},
						"3.0": {
							"vector": [14.36418, 4.756, 7.72493]
						},
						"3.25": {
							"vector": [12.68778, 8.28373, -6.95218]
						},
						"3.3333": {
							"vector": [13.03061, 7.72726, -4.4909]
						},
						"4.0": {
							"vector": [13.03061, 7.72726, -4.4909]
						},
						"4.25": {
							"vector": [2.05933, 9.99038, -2.53852]
						},
						"4.3333": {
							"vector": [4.55933, 9.99038, -2.53852]
						}
					}
				},
				"Head": {
					"rotation": {
						"0.0": {
							"vector": [-10.79469, -13.68384, -3.71513]
						},
						"0.25": {
							"vector": [-3.35722, -14.95422, 6.47651]
						},
						"0.3333": {
							"vector": [-2.68723, -15.08606, 3.89166]
						},
						"0.5": {
							"vector": [-2.68723, -15.08606, 3.89166]
						},
						"0.75": {
							"vector": [-2.71876, 17.37969, 2.37912]
						},
						"0.8333": {
							"vector": [-2.68468, 14.88247, 2.50179]
						},
						"1.0": {
							"vector": [-2.68468, 14.88247, 2.50179]
						},
						"1.25": {
							"vector": [-16.10747, -10.08077, -6.26543]
						},
						"1.3333": {
							"vector": [-13.60747, -10.08077, -6.26543]
						},
						"1.4167": {
							"vector": [-13.60747, -10.08077, -6.26543]
						},
						"1.6667": {
							"vector": [-16.36415, -4.19027, 15.63153]
						},
						"1.75": {
							"vector": [-16.17353, -4.89073, 13.2241]
						},
						"1.875": {
							"vector": [-16.17353, -4.89073, 13.2241]
						},
						"2.125": {
							"vector": [-3.16234, -10.65959, -8.7379]
						},
						"2.2083": {
							"vector": [-5.66234, -10.65959, -8.7379]
						},
						"2.5": {
							"vector": [-5.66234, -10.65959, -8.7379]
						},
						"2.75": {
							"vector": [-13.18344, 11.73301, -10.94797]
						},
						"2.8333": {
							"vector": [-13.07801, 9.29835, -10.37038]
						},
						"3.25": {
							"vector": [-13.07801, 9.29835, -10.37038]
						},
						"3.5": {
							"vector": [-8.54734, 13.57577, 12.17852]
						},
						"3.5833": {
							"vector": [-9.1352, 13.19146, 9.63926]
						},
						"4.25": {
							"vector": [-9.1352, 13.19146, 9.63926]
						},
						"4.5": {
							"vector": [-10.92011, -16.1391, -3.22784]
						},
						"4.5833": {
							"vector": [-10.79469, -13.68384, -3.71513]
						}
					}
				},
				"Jaw": {
					"rotation": {
						"0.0": {
							"vector": [-7.5, 0, 0]
						},
						"0.0833": {
							"vector": [10, 0, 0]
						},
						"0.1667": {
							"vector": [10, 0, 0]
						},
						"0.25": {
							"vector": [-7.5, 0, 0]
						},
						"0.3333": {
							"vector": [-7.5, 0, 0]
						},
						"0.4167": {
							"vector": [10, 0, 0]
						},
						"0.5": {
							"vector": [10, 0, 0]
						},
						"0.5833": {
							"vector": [-7.5, 0, 0]
						},
						"0.9167": {
							"vector": [-7.5, 0, 0]
						},
						"1.0": {
							"vector": [10, 0, 0]
						},
						"1.0833": {
							"vector": [10, 0, 0]
						},
						"1.1667": {
							"vector": [-7.5, 0, 0]
						},
						"1.25": {
							"vector": [10, 0, 0]
						},
						"1.3333": {
							"vector": [10, 0, 0]
						},
						"1.4167": {
							"vector": [-7.5, 0, 0]
						},
						"1.5": {
							"vector": [10, 0, 0]
						},
						"1.5833": {
							"vector": [10, 0, 0]
						},
						"1.6667": {
							"vector": [-7.5, 0, 0]
						},
						"1.75": {
							"vector": [10, 0, 0]
						},
						"1.8333": {
							"vector": [10, 0, 0]
						},
						"1.9167": {
							"vector": [-7.5, 0, 0]
						},
						"2.0": {
							"vector": [10, 0, 0]
						},
						"2.0833": {
							"vector": [10, 0, 0]
						},
						"2.1667": {
							"vector": [-7.5, 0, 0]
						},
						"2.25": {
							"vector": [10, 0, 0]
						},
						"2.3333": {
							"vector": [10, 0, 0]
						},
						"2.4167": {
							"vector": [-7.5, 0, 0]
						},
						"2.875": {
							"vector": [-7.5, 0, 0]
						},
						"2.9583": {
							"vector": [10, 0, 0]
						},
						"3.0417": {
							"vector": [10, 0, 0]
						},
						"3.125": {
							"vector": [-7.5, 0, 0]
						},
						"3.2083": {
							"vector": [10, 0, 0]
						},
						"3.2917": {
							"vector": [10, 0, 0]
						},
						"3.375": {
							"vector": [-7.5, 0, 0]
						},
						"3.4583": {
							"vector": [10, 0, 0]
						},
						"3.5417": {
							"vector": [10, 0, 0]
						},
						"3.625": {
							"vector": [-7.5, 0, 0]
						},
						"3.7083": {
							"vector": [10, 0, 0]
						},
						"3.7917": {
							"vector": [10, 0, 0]
						},
						"3.875": {
							"vector": [-7.5, 0, 0]
						},
						"3.9583": {
							"vector": [10, 0, 0]
						},
						"4.0417": {
							"vector": [10, 0, 0]
						},
						"4.125": {
							"vector": [-7.5, 0, 0]
						},
						"4.2083": {
							"vector": [10, 0, 0]
						},
						"4.2917": {
							"vector": [10, 0, 0]
						},
						"4.375": {
							"vector": [-7.5, 0, 0]
						},
						"4.4583": {
							"vector": [10, 0, 0]
						},
						"4.5417": {
							"vector": [10, 0, 0]
						},
						"4.625": {
							"vector": [-7.5, 0, 0]
						}
					}
				},
				"endoi_jaw": {
					"rotation": {
						"vector": [-5, 0, 0]
					}
				},
				"RightEar": {
					"rotation": {
						"0.0417": {
							"vector": [7.5, 0, 0]
						},
						"0.2917": {
							"vector": [7.5, 0, 0]
						},
						"0.625": {
							"vector": [-2.5, 0, 0]
						},
						"0.7917": {
							"vector": [-2.5, 0, 0]
						},
						"1.125": {
							"vector": [7.5, 0, 0]
						},
						"1.2083": {
							"vector": [7.5, 0, 0]
						},
						"1.5417": {
							"vector": [7.32417, -1.61888, 12.39638]
						},
						"1.6667": {
							"vector": [7.32417, -1.61888, 12.39638]
						},
						"2.0": {
							"vector": [7.05239, 2.55868, -19.8423]
						},
						"2.2917": {
							"vector": [-0.44761, 2.55868, -19.8423]
						},
						"2.625": {
							"vector": [-0.44761, 2.55868, -19.8423]
						},
						"3.0417": {
							"vector": [-0.44761, 2.55868, -19.8423]
						},
						"3.375": {
							"vector": [0.11718, 2.59487, -7.32965]
						},
						"4.375": {
							"vector": [0.11718, 2.59487, -7.32965]
						},
						"4.7083": {
							"vector": [7.5, 0, 0]
						}
					}
				},
				"LeftEar": {
					"rotation": {
						"0.0417": {
							"vector": [7.5, 0, 0]
						},
						"0.2917": {
							"vector": [7.5, 0, 0]
						},
						"0.625": {
							"vector": [20, 0, 0]
						},
						"0.7917": {
							"vector": [20, 0, 0]
						},
						"1.125": {
							"vector": [10, 0, 0]
						},
						"1.2083": {
							"vector": [10, 0, 0]
						},